{
    "accuracy": [
        0.00884210504591465,
        0.7118596434593201,
        0.8625965118408203,
        0.8767719268798828,
        0.8934736847877502,
        0.9173333048820496,
        0.929263174533844,
        0.9388070106506348,
        0.9477894902229309,
        0.9552280902862549,
        0.9541052579879761,
        0.9597193002700806,
        0.9694035053253174,
        0.9703859686851501,
        0.968982458114624,
        0.9752982258796692,
        0.9774035215377808,
        0.980070173740387,
        0.9807719588279724,
        0.9842807054519653,
        0.9848421216011047,
        0.9862456321716309,
        0.9894737005233765,
        0.987649142742157,
        0.9901754260063171
    ],
    "loss": [
        2040.836181640625,
        331.7918701171875,
        149.34205627441406,
        92.30412292480469,
        68.67166900634766,
        59.861209869384766,
        51.84642028808594,
        49.68647003173828,
        46.38493347167969,
        45.46529769897461,
        43.202266693115234,
        42.66593933105469,
        40.49665451049805,
        40.74788284301758,
        39.45735549926758,
        38.49691390991211,
        37.72118377685547,
        37.11726760864258,
        36.56051254272461,
        36.16975784301758,
        35.87016296386719,
        35.19098663330078,
        34.36072540283203,
        34.79974365234375,
        33.11378860473633
    ],
    "val_accuracy": [
        0.0011223345063626766,
        1.0,
        1.0,
        1.0,
        1.0,
        1.0,
        0.9994388222694397,
        1.0,
        1.0,
        1.0,
        1.0,
        1.0,
        1.0,
        1.0,
        1.0,
        1.0,
        1.0,
        1.0,
        1.0,
        1.0,
        1.0,
        1.0,
        1.0,
        1.0,
        1.0
    ],
    "val_loss": [
        489.85089111328125,
        177.2813262939453,
        77.42813873291016,
        43.9226188659668,
        28.35101890563965,
        21.465543746948242,
        17.558929443359375,
        17.31216812133789,
        15.290340423583984,
        16.960954666137695,
        12.690193176269531,
        12.317920684814453,
        12.639266967773438,
        12.813948631286621,
        11.191479682922363,
        9.938240051269531,
        10.332145690917969,
        9.43132209777832,
        9.310832977294922,
        8.8608980178833,
        8.54976749420166,
        8.902199745178223,
        8.479469299316406,
        8.116928100585938,
        10.114277839660645
    ]
}