{
    "accuracy": [
        0.8026291131973267,
        0.990409791469574,
        0.995789647102356,
        0.997707724571228,
        0.99836266040802,
        0.9976141452789307,
        0.9979884028434753,
        0.9981755018234253,
        0.9979416131973267,
        0.996070384979248,
        0.9927488565444946,
        0.9932166934013367,
        0.9897080659866333,
        0.9905033707618713,
        0.9887256622314453,
        0.986480176448822,
        0.988772451877594,
        0.9859655499458313,
        0.9867608547210693,
        0.9849363565444946,
        0.9839539527893066,
        0.984889566898346,
        0.9844217896461487,
        0.9842814207077026,
        0.9828779697418213
    ],
    "loss": [
        833.9097290039062,
        46.78303527832031,
        40.05402374267578,
        37.1361198425293,
        34.89278030395508,
        33.34846115112305,
        32.550418853759766,
        31.2642765045166,
        30.138534545898438,
        28.960630416870117,
        27.966829299926758,
        25.286983489990234,
        23.415943145751953,
        21.114177703857422,
        19.686851501464844,
        18.008159637451172,
        17.009124755859375,
        16.38889503479004,
        15.7056245803833,
        15.160296440124512,
        14.376476287841797,
        14.008023262023926,
        13.610933303833008,
        13.027146339416504,
        13.026434898376465
    ],
    "val_accuracy": [
        1.0,
        1.0,
        1.0,
        1.0,
        1.0,
        1.0,
        1.0,
        1.0,
        1.0,
        1.0,
        1.0,
        1.0,
        0.9921422004699707,
        0.968007504940033,
        0.9403180480003357,
        0.9206735491752625,
        0.936389148235321,
        0.9221702814102173,
        0.8991581201553345,
        0.8593077659606934,
        0.8787652254104614,
        0.9337698817253113,
        0.8679139614105225,
        0.9358278512954712,
        0.8907390236854553
    ],
    "val_loss": [
        16.481969833374023,
        3.4986355304718018,
        1.9534809589385986,
        1.9342015981674194,
        3.126098394393921,
        2.733560562133789,
        1.842165231704712,
        1.9801656007766724,
        1.4994001388549805,
        3.3485445976257324,
        4.761119365692139,
        4.199339866638184,
        13.878498077392578,
        15.344282150268555,
        28.87529182434082,
        31.157846450805664,
        32.18577575683594,
        40.19119644165039,
        38.57268524169922,
        60.39446258544922,
        57.32005310058594,
        43.64668655395508,
        58.317195892333984,
        47.23179244995117,
        71.58406829833984
    ]
}