{
    "accuracy": [
        0.6602105498313904,
        0.9997193217277527,
        0.996350884437561,
        0.9943859577178955,
        0.9952280521392822,
        0.9910175204277039,
        0.9872280955314636,
        0.9863859415054321,
        0.9832982420921326,
        0.9827368259429932,
        0.9790877103805542,
        0.9821754097938538,
        0.9831578731536865,
        0.985122799873352,
        0.980070173740387,
        0.9792280793190002,
        0.9809122681617737,
        0.9783859848976135,
        0.9848421216011047,
        0.9824561476707458,
        0.9825965166091919,
        0.9824561476707458,
        0.9821754097938538,
        0.9811930060386658,
        0.9827368259429932
    ],
    "loss": [
        1935.2022705078125,
        260.4624328613281,
        122.69255828857422,
        81.22041320800781,
        67.38339233398438,
        59.61595153808594,
        54.47772216796875,
        51.740535736083984,
        48.15380096435547,
        47.269535064697266,
        44.30948257446289,
        43.27448272705078,
        42.76106643676758,
        41.33970260620117,
        40.906524658203125,
        41.266666412353516,
        40.624053955078125,
        39.66395950317383,
        40.90576171875,
        39.325931549072266,
        39.06856918334961,
        38.36711120605469,
        38.23509216308594,
        38.02982711791992,
        37.967140197753906
    ],
    "val_accuracy": [
        1.0,
        1.0,
        1.0,
        1.0,
        1.0,
        1.0,
        1.0,
        1.0,
        1.0,
        1.0,
        1.0,
        1.0,
        1.0,
        1.0,
        1.0,
        1.0,
        1.0,
        1.0,
        1.0,
        1.0,
        1.0,
        1.0,
        1.0,
        1.0,
        1.0
    ],
    "val_loss": [
        358.1143493652344,
        125.40546417236328,
        54.80670166015625,
        32.781227111816406,
        23.149822235107422,
        17.228349685668945,
        13.61323070526123,
        11.07996654510498,
        8.460179328918457,
        8.981132507324219,
        5.737303256988525,
        5.385560989379883,
        4.736809253692627,
        7.113980293273926,
        3.7832396030426025,
        3.5902602672576904,
        5.570530414581299,
        4.3495097160339355,
        4.1215081214904785,
        3.347477436065674,
        3.219480514526367,
        3.6159441471099854,
        4.302432537078857,
        6.777801513671875,
        2.8946757316589355
    ]
}